INSERT INTO users (id, name, age) VALUES (1, 'Finnebar', 17), (2, 'Bear', 6), (3, 'Iguana', 4), (4, 'Alex', 33),
(5, 'Amanda', 24), (6, 'Sophie', 24), (7, 'Rosey', 9), (8, 'Victoria', 23), (9, 'Franz', 100), (10, 'Hermione', 30),
(11, 'Voldemort', 90), (12, 'Marisa', 24), (13, 'Swizzle', 4), (14, 'Sirius', 36), (15, 'Albus', 113), (16, 'Squid', 5),
(17, 'Whale', 6), (18, 'Pacha', 5), (19, 'Ena', 24), (20, 'Katie', 24);

INSERT INTO projects (id, title, category, funding_goal, start_date, end_date) VALUES
(1, 'Help me buy a guitar', 'music', 500.00, '2013-06-30', '2013-07-30'),
(2, 'My book on SQL', 'books', 20.00, '2013-01-01', '2014-01-01'),
(3, 'The next Harry Potter', 'books', 1000.00, '2013-05-30', '2015-05-30'),
(4, 'Animal shelter needs dog food', 'charity', 400.00, '2013-03-14', '2013-06-30'),
(5, 'Voldement needs a body', 'charity', 6000.00, '2013-03-20', '2013-09-20'),
(6, 'The next Inna-Gadda-Davida', 'music', 200.00, '2014-12-30', '2015-12-30'),
(7, 'Iguana needs tail operation', 'charity', 2000.00, '2013-10-02', '2013-10-30'),
(8, 'I have bed bugs!', 'charity', 800.00, '2014-06-30', '2014-06-31'),
(9, 'I want to teach English in China', 'charity', 3000.00, '2013-06-30', '2013-09-30'),
(10, 'Help save birds of paradise', 'charity', 5000.00, '2012-03-20', '2013-06-30');

INSERT INTO pledges (id, amount, user_id, project_id) VALUES
(1, 10.00, 1, 2),
(2, 20.00, 1, 3),
(3, 40.00, 1, 4),
(4, 50.00, 2, 3),
(5, 10.00, 3, 2),
(6, 20.00, 4, 4),
(7, 40.00, 5, 10),
(8, 60.00, 6, 10),
(9, 50.00, 7, 9),
(10, 700.00, 8, 8),
(11, 1000.00, 8, 7),
(12, 40.00, 9, 6),
(13, 50.00, 9, 3),
(14, 50.00, 10, 4),
(15, 24.00, 12, 1),
(16, 34.00, 11, 1),
(17, 12.00, 13, 6),
(18, 19.00, 14, 5),
(19, 20.00, 15, 5),
(20, 40.00, 16, 6),
(21, 35.50, 17, 7),
(22, 40.00, 18, 8),
(23, 60.00, 19, 9),
(24, 70.00, 20, 10),
(25, 100.00, 20, 4),
(26, 40.00, 19, 1),
(27, 20.00, 18, 6),
(28, 90.00, 17, 9),
(29, 230.00, 16, 6),
(30, 450.00, 15, 5);
-- -- USERS
-- INSERT INTO users (id, name, age) VALUES (1, "Ryan", 29),
-- (2, "Arthur", 32),
-- (3, "Sarah", 23),
-- (4, "Brian", 26),
-- (5, "Sonny", 26),
-- (6, "Vanessa", 23),
-- (7, "Blair", 26),
-- (8, "Cat", 35),
-- (9, "Britt", 33),
-- (10, "Rob", 31),
-- (11, "Emily", 35),
-- (12, "Tez", 25),
-- (13, "Dean", 29),
-- (14, "Tammy", 33),
-- (15, "Michael", 57),
-- (16, "Ronnie", 25),
-- (17, "Evan", 24),
-- (18, "Heather", 69),
-- (19, "Travis", 28),
-- (20, "John", 29);
--
-- -- PROJECTS
-- INSERT INTO projects (title, category, funding_goal, start_date, end_date)
-- VALUES ("The Peach Building", "Multi-Use", 3,000,000, "06-01-2019", "01-01-2022"),
-- ("SCAD Dorm Tower", "Education", 7,500,000, "06-01-2019", "01-01-2022"),
-- ("Boundry Building", "Multi-Use", 6,500,000, "06-01-2019", "01-01-2022"),
-- ("Ascent Midtown Appartments", "Luxury Apartments", 7,250,000, "06-01-2019", "01-01-2022"),
-- ("Metlife Site", "Luxury Apartments", 4,500,000, "06-01-2019", "01-01-2022"),
-- ("Arts Center MARTA TOD", "Transportation", 12,500,000, "06-01-2019", "01-01-2022"),
-- ("Hampton Inn & Suites", "Hotel/Hospitality", 3,500,000, "06-01-2019", "01-01-2022"),
-- ("No. 2 Opus Place", "Luxury Apartments", 1,250,000, "06-01-2019", "01-01-2022"),
-- ("Colony Square", "Multi-Use", 7,750,000, "06-01-2019", "01-01-2022"),
-- ("AC Hotel/Moxy Hotel", "Hotel/Hospitality", 2,500,000, "06-01-2019", "01-01-2022");
--
--
-- -- PLEDGES
-- INSERT INTO pledges (id, amount, user_id, project_id) VALUES (1, 20,000, 0, 0),
-- (2, 20,000, 0, 0),
-- (3, 20,000, 0, 0),
-- (4, 20,000, 0, 0),
-- (5, 20,000, 0, 0),
-- (6, 20,000, 0, 0),
-- (7, 20,000, 0, 0),
-- (8, 20,000, 0, 0),
-- (9, 20,000, 0, 0),
-- (10, 20,000, 0, 0),
-- (11, 20,000, 0, 0),
-- (12, 20,000, 0, 0),
-- (13, 20,000, 0, 0),
-- (14, 20,000, 0, 0),
-- (15, 20,000, 0, 0),
-- (16, 20,000, 0, 0),
-- (17, 20,000, 0, 0),
-- (18, 20,000, 0, 0),
-- (19, 20,000, 0, 0),
-- (20, 20,000, 0, 0),
-- (21, 20,000, 0, 0),
-- (22, 20,000, 0, 0),
-- (23, 20,000, 0, 0),
-- (24, 20,000, 0, 0),
-- (25, 20,000, 0, 0),
-- (26, 20,000, 0, 0),
-- (27, 20,000, 0, 0),
-- (28, 20,000, 0, 0),
-- (29, 20,000, 0, 0),
-- (30, 20,000, 0, 0);

-- CREATE TABLE projects (
--     id INTEGER PRIMARY KEY,
--     title TEXT,
--     category TEXT,
--     funding_goal INTEGER,
--     start_date TEXT,
--     end_date TEXT
-- CREATE TABLE users (
--     id INTEGER PRIMARY KEY,
--     name TEXT,
--     age INTEGER);
-- CREATE TABLE pledges (
--     id INTEGER PRIMARY KEY,
--     amount INTEGER,
--     user_id INTEGER,
--     project_id INTEGER
